{"cameraMode":{"drawMode":0,"name":"Shaded","section":"Shading Mode"},"sceneLighting":true,"audioPlay":false,"sceneViewState":{"m_AlwaysRefresh":false,"showFog":true,"showSkybox":true,"showFlares":true,"showImageEffects":true,"showParticleSystems":true,"showVisualEffectGraphs":true,"m_FxEnabled":true},"in2DMode":false,"pivot":{"x":-90.45172119140625,"y":21.520584106445314,"z":51.74311065673828},"rotation":{"x":0.11503220349550247,"y":-0.3328695595264435,"z":0.04092375561594963,"w":0.9350511431694031},"size":163.94451904296876,"orthographic":true}