{"cameraMode":{"drawMode":0,"name":"Shaded","section":"Shading Mode"},"sceneLighting":true,"audioPlay":false,"sceneViewState":{"m_AlwaysRefresh":false,"showFog":true,"showSkybox":true,"showFlares":true,"showImageEffects":true,"showParticleSystems":true,"showVisualEffectGraphs":true,"m_FxEnabled":true},"in2DMode":false,"pivot":{"x":29.37106704711914,"y":34.078033447265628,"z":-23.35437774658203},"rotation":{"x":0.09326799213886261,"y":0.050324756652116778,"z":-0.004723742138594389,"w":0.9943553805351257},"size":33.69932174682617,"orthographic":true}